id,prefix,topic,answer,unit,reject_reason,detail,question
CH152,CH,ac_resonance,0.707,-,non_numeric_or_unitless,,"A voltage u = 200√2 cos 100πt (V) is applied to a series RLC circuit with R = 100 Ω, L = 1/π H, C = 10⁻⁴/(2π) F. Calculate the power factor cosφ."
CH176,CH,ac_resonance,1,-,non_numeric_or_unitless,,What is the power factor (cosφ) of a series RLC circuit at resonance?
CH177,CH,ac_resonance,1,-,non_numeric_or_unitless,,What is the power factor (cosφ) of a series RLC resonant circuit?
CH178,CH,ac_resonance,1,-,non_numeric_or_unitless,,"""Calculate the power factor (cosφ) of an RLC circuit when Z = R (at resonance)."
CH179,CH,ac_resonance,1,-,non_numeric_or_unitless,,"When resonance occurs (φ = 0), what is cosφ?"
CH180,CH,ac_resonance,1,-,non_numeric_or_unitless,,What value does cosφ reach in the case of resonance?
CH186,CH,ac_resonance,2.0,-,non_numeric_or_unitless,,"Consider a series RLC circuit with fixed components. At an angular frequency ω0, the inductive reactance X_L = 18 Ω and the capacitive reactance X_C = 72 Ω. To what multiple of ω0 must the angular frequency be adjusted for the circuit to resonate?"
CH187,CH,ac_resonance,3.0,-,non_numeric_or_unitless,,"In a series RLC circuit, at ω0, the inductor has an inductive reactance of 25 Ω, and the capacitor has a capacitive reactance of 225 Ω. By what factor of ω0 should the angular frequency be changed to achieve resonance?"
CH188,CH,ac_resonance,1.581,-,non_numeric_or_unitless,,"For a series RLC circuit with fixed components, when the angular frequency of the current is ω0, X_L = 30 Ω and X_C = 75 Ω. By what factor must the angular frequency be multiplied (relative to ω0) for resonance to occur?"
CH189,CH,ac_resonance,2.0,-,non_numeric_or_unitless,,"A series RLC circuit has constant component values. At ω0, the inductive reactance of the inductor is 35 Ω, and the capacitive reactance of the capacitor is 140 Ω. By what factor must ω be changed relative to ω0 for the circuit to reach resonance?"
CH190,CH,ac_resonance,3.0,-,non_numeric_or_unitless,,"Consider a series RLC circuit. At the initial angular frequency ω0, XL = 45 Ω and XC = 405 Ω. The new angular frequency is set to k×ω0. What is the value of k for the circuit to resonate?"
CH191,CH,ac_resonance,2.0,-,non_numeric_or_unitless,,"Consider an RLC series circuit with fixed components. When the angular frequency is ω0, the inductive reactance XL = 50 Ω and the capacitive reactance XC = 200 Ω. By what factor must the angular frequency be adjusted (relative to ω0) for the circuit to resonate?"
CH192,CH,ac_resonance,1.5,-,non_numeric_or_unitless,,"In a series RLC circuit, at ω₀, the inductor has an inductive reactance of 60 Ω and the capacitor has a capacitive reactance of 135 Ω. To what multiple of ω₀ must the angular frequency be changed to achieve resonance?"
CH193,CH,ac_resonance,3.0,-,non_numeric_or_unitless,,"In a series RLC circuit with constant components, when the angular frequency is ω0, XL = 24 Ω and XC = 216 Ω. By what factor must the angular frequency be multiplied relative to ω0 for resonance to occur?"
CH194,CH,ac_resonance,1.414,-,non_numeric_or_unitless,,"A series RLC circuit has constant component values. At an angular frequency ω0, the inductive reactance (XL) is 55 Ω, and the capacitive reactance (XC) is 110 Ω. By what factor of ω0 should ω be changed to bring the circuit into resonance?"
CH195,CH,ac_resonance,0.5,-,non_numeric_or_unitless,,"Consider a series RLC circuit. At the initial angular frequency ω0, X_L = 80 Ω and X_C = 20 Ω. A new angular frequency must be set to k×ω0. What is the value of k for the circuit to resonate?"
CH196,CH,ac_resonance,0.577,-,non_numeric_or_unitless,,"Consider a series RLC circuit with fixed components. When the angular frequency is ω0, the inductive reactance X_L = 90 Ω and the capacitive reactance X_C = 30 Ω. By what factor must the angular frequency be adjusted (relative to ω0) for the circuit to resonate?"
CH198,CH,ac_resonance,1.0,-,non_numeric_or_unitless,,"For a series RLC circuit with fixed components, when the angular frequency is ω0, XL = 40 Ω and XC = 40 Ω. By what factor must ω0 be multiplied to achieve resonance?"
CH199,CH,ac_resonance,3.0,-,non_numeric_or_unitless,,"A series RLC circuit has unchanging component values. At ω0, the inductive reactance of the inductor is 12 Ω, and the capacitive reactance of the capacitor is 108 Ω. By what factor must ω be changed relative to ω0 for the circuit to resonate?"
CH200,CH,ac_resonance,1.414,-,non_numeric_or_unitless,,"Consider a series RLC circuit. At an initial angular frequency ω₀, the inductive reactance X_L is 16 Ω, and the capacitive reactance X_C is 32 Ω. What is the value of k for the circuit to be in resonance when the angular frequency is set to k×ω₀?"
CH201,CH,ac_resonance,3.0,-,non_numeric_or_unitless,,"Given an RLC series circuit with fixed components. When the angular frequency is ω0, the inductive reactance X_L = 22 Ω and the capacitive reactance X_C = 198 Ω. To what multiple of ω0 must the angular frequency be adjusted for the circuit to resonate?"
CH202,CH,ac_resonance,2.0,-,non_numeric_or_unitless,,"In a series RLC circuit, at ω0, the inductor has an inductive reactance of 28 Ω and the capacitor has a capacitive reactance of 112 Ω. What multiple of ω0 should the angular frequency be changed to in order to achieve resonance?"
CH204,CH,ac_resonance,1.414,-,non_numeric_or_unitless,,"An RLC series circuit has constant component values. At ω0, the inductive reactance of the inductor is 42 Ω, and the capacitive reactance of the capacitor is 84 Ω. By what factor must ω be changed relative to ω0 for the circuit to be in resonance?"
CH205,CH,ac_resonance,2.0,-,non_numeric_or_unitless,,"Consider an RLC series circuit. At the initial angular frequency ω0, X_L = 48 Ω and X_C = 192 Ω. The new angular frequency must be set to k×ω0. What is the value of k for the circuit to resonate?"
CH206,CH,ac_resonance,2.0,-,non_numeric_or_unitless,,"Consider an RLC series circuit with fixed components. When the angular frequency is ω0, the inductive reactance X_L = 63 Ω and the capacitive reactance X_C = 252 Ω. By what factor must the angular frequency be adjusted relative to ω0 for the circuit to resonate?"
CH207,CH,ac_resonance,2.646,-,non_numeric_or_unitless,,"In a series RLC circuit, at ω0, the inductor has an inductive reactance of 70 Ω and the capacitor has a capacitive reactance of 490 Ω. What multiple of ω0 must the angular frequency be to achieve resonance?"
CH208,CH,ac_resonance,2.0,-,non_numeric_or_unitless,,"For an RLC series circuit with constant components, at an angular frequency ω0, X_L = 75 Ω and X_C = 300 Ω. By what factor must the angular frequency be multiplied (relative to ω0) for resonance to occur?"
CH209,CH,ac_resonance,2.236,-,non_numeric_or_unitless,,"A series RLC circuit has constant component values. At angular frequency ω0, the inductive reactance of the inductor is 85 Ω, and the capacitive reactance of the capacitor is 425 Ω. By what factor must ω be changed from ω0 for the circuit to be in resonance?"
CH210,CH,ac_resonance,2.0,-,non_numeric_or_unitless,,"Consider a series RLC circuit. At an initial angular frequency ω0, X_L = 95 Ω and X_C = 380 Ω. The new angular frequency must be set to k×ω0. What is the value of k for the circuit to resonate?"
CH211,CH,ac_resonance,2.0,-,non_numeric_or_unitless,,"Consider a series RLC circuit with fixed components. At an angular frequency ω0, the inductive reactance X_L = 15 Ω and the capacitive reactance X_C = 60 Ω. To what multiple of ω0 must the angular frequency be adjusted for the circuit to resonate?"
CH212,CH,ac_resonance,0.707,-,non_numeric_or_unitless,,"In an RLC series circuit, at an angular frequency of ω0, the inductor has an inductive reactance of 66 Ω and the capacitor has a capacitive reactance of 33 Ω. To what multiple of ω0 must the angular frequency be changed to achieve resonance?"
CH214,CH,ac_resonance,2.0,-,non_numeric_or_unitless,,"An RLC series circuit has fixed component values. At ω0, the inductive reactance of the inductor is 32 Ω, and the capacitive reactance of the capacitor is 128 Ω. By what factor must ω be changed relative to ω0 for the circuit to be in resonance?"
CH215,CH,ac_resonance,3.0,-,non_numeric_or_unitless,,"Consider a series RLC circuit. At the initial angular frequency ω₀, X_L = 20 Ω and X_C = 180 Ω. The new angular frequency is set to k×ω₀. What is the value of k for the circuit to resonate?"
CH246,CH,circuit_power,1,-,non_numeric_or_unitless,,The AB circuit satisfies LCω² = 1. The voltages uAM and uMB are 90° out of phase. Given R1 = 30 Ω and R2 = 40 Ω. Calculate the power factor of the entire circuit.
CH247,CH,circuit_power,1,-,non_numeric_or_unitless,,"For circuit AB, LCω² = 1, and uAM and uMB are 90° out of phase. Given R1 = 70 Ω and R2 = 40 Ω. Calculate the power factor of the entire circuit."
CH248,CH,circuit_power,1,-,non_numeric_or_unitless,,"Circuit AB satisfies the condition LCω² = 1, and the voltages uAM and uMB are 90 degrees out of phase. Given R1 = 25 Ω and R2 = 30 Ω, calculate the power factor of the entire circuit."
CH249,CH,circuit_power,1,-,non_numeric_or_unitless,,"The circuit AB satisfies the condition LCω² = 1, and the voltages u_AM and u_MB are 90° out of phase. Given R1 = 60 Ω and R2 = 15 Ω. Calculate the power factor of the entire circuit."
CH250,CH,circuit_power,1,-,non_numeric_or_unitless,,Circuit AB satisfies LCω² = 1. Voltages uAM and uMB are 90° out of phase. Given R1 = 80 Ω and R2 = 90 Ω. Calculate the power factor of the entire circuit.
CH373,CH,general_physics,1.77,-,non_numeric_or_unitless,,"L = 0.05 H, C = 40 µF, R = 20 Ω. What is the value of Q?"
CH374,CH,general_physics,2.11,-,non_numeric_or_unitless,,"For a circuit with L = 0.12 H, C = 30 µF, and R = 30 Ω, calculate the quality factor (Q)."
CHLT001,CHLT,ac_resonance,No,-,non_numeric_or_unitless,,"An RLC series circuit consists of R=50 Ω, L=0.5 H, and C=20 μF. When an AC voltage with a frequency of 40 Hz is supplied, does the circuit experience electrical resonance?"
CHLT002,CHLT,ac_resonance,Yes,-,non_numeric_or_unitless,,"Given a series AC circuit with R = 10 Ω, L = 0.4 H, and C = 50 μF, determine if resonance occurs at an operating frequency of 35.6 Hz."
CHLT003,CHLT,ac_resonance,Yes,-,non_numeric_or_unitless,,A pure inductor with an inductance of 0.2 H is connected in series with a resistor R=25 Ω and a capacitor C=10 μF. Determine if resonance occurs at a frequency of f=112 Hz?
CHLT004,CHLT,ac_resonance,Yes,-,non_numeric_or_unitless,,"Given an RLC series circuit with R=40 Ω, L=0.318 H, and C=25 μF, will resonance occur if the AC current has a frequency of 56.4 Hz?"
CHLT005,CHLT,ac_resonance,No,-,non_numeric_or_unitless,,"An RLC series circuit has a resistor R=60 Ω, an inductor L=0.8 H, and a capacitor C=5 μF. When the power source supplies a frequency of 50 Hz, does electrical resonance occur?"
CHLT006,CHLT,ac_resonance,Yes,-,non_numeric_or_unitless,,"An RLC series circuit consists of a resistor with R=100 Ω, an inductor with L=0.02 H, and a capacitor with C=200 μF. Is it in resonance at a frequency of 80 Hz?"
CHLT007,CHLT,ac_resonance,No,-,non_numeric_or_unitless,,"A series RLC circuit consists of R=15 Ω, L=0.3 H, and C=30 μF. Is the circuit in resonance at a frequency of 70 Hz?"
CHLT008,CHLT,ac_resonance,Yes,-,non_numeric_or_unitless,,"For an RLC AC circuit with R = 45 Ω, L = 1 H, and C = 4 μF, does resonance occur in the circuit at a frequency of 79.6 Hz?"
CHLT009,CHLT,ac_resonance,No,-,non_numeric_or_unitless,,"A series circuit consists of a capacitor C=100 μF, an inductor L=0.01 H, and a resistor R=8 Ω. Does resonance occur at f=100 Hz?"
CHLT010,CHLT,ac_resonance,Yes,-,non_numeric_or_unitless,,"Consider an electrical circuit consisting of R=30 Ω, L=0.4 H, and a capacitor C=20 μF. Is the frequency f=56.3 Hz the resonant frequency of the circuit?"
CHLT011,CHLT,ac_resonance,No,-,non_numeric_or_unitless,,"Consider an RLC series circuit with R=50 Ω, L=0.25 H, and C=25 μF. At a frequency of f=60 Hz, does resonance occur?"
CHLT012,CHLT,ac_resonance,Yes,-,non_numeric_or_unitless,,"An RLC circuit has R=20 Ω, L=0.159 H, and C=10 μF. Is the circuit in resonance at f=126 Hz?"
CHLT013,CHLT,ac_resonance,No,-,non_numeric_or_unitless,,"Consider a series RLC circuit with R=35 Ω, L=0.5 H, C=2 μF. When supplied with an AC current at a frequency of 70 Hz, does the circuit resonate?"
CHLT014,CHLT,ac_resonance,Yes,-,non_numeric_or_unitless,,"A series RLC circuit has R=75 Ω, L=0.2 H, C=40 μF. Is 56.3 Hz the resonant frequency?"
CHLT015,CHLT,capacitor,No,-,non_numeric_or_unitless,,"A circuit consists of an inductor L=0.3 H, a capacitor C=5 μF, and a resistor R=12 Ω. When operating at f=100 Hz, does the circuit resonate?"
CHLT016,CHLT,capacitor,Yes,-,non_numeric_or_unitless,,"A series circuit contains a resistor R=90 Ω, an inductor L=0.25 H, and a capacitor C=100 μF. Does the circuit resonate at a frequency of 31.8 Hz?"
CHLT017,CHLT,ac_resonance,Yes,-,non_numeric_or_unitless,,"In a series RLC circuit with R=30 Ω, L=1 H, C=1 μF, does resonance occur at f=159 Hz?"
CHLT018,CHLT,ac_resonance,No,-,non_numeric_or_unitless,,"An AC circuit has R=18 Ω, L=0.8 H, and C=3 μF. At a frequency of 100 Hz, does electrical resonance occur?"
CHLT019,CHLT,ac_resonance,Yes,-,non_numeric_or_unitless,,"Does a series RLC circuit with R=20 Ω, L=0.1 H, C=50 μF resonate at f=71 Hz?"
CHLT020,CHLT,ac_resonance,No,-,non_numeric_or_unitless,,"An AC circuit consists of R=10 Ω, L=0.05 H, C=100 μF. When the frequency is 225 Hz, does resonance occur?"
CHLT021,CHLT,ac_resonance,Yes,-,non_numeric_or_unitless,,"An RLC series circuit has R = 20 Ω, L = 0.5 H, and C = 20 μF. If the AC source frequency is 50.33 Hz, does the circuit reach electrical resonance?"
CHLT022,CHLT,ac_resonance,Yes,-,non_numeric_or_unitless,,"An RLC series circuit has R = 30 Ω, L = 0.2 H, and C = 50 μF. If the AC source frequency is 50.33 Hz, does the circuit reach electrical resonance?"
CHLT023,CHLT,ac_resonance,Yes,-,non_numeric_or_unitless,,"An RLC series circuit has R = 40 Ω, L = 0.1 H, and C = 25 μF. If the AC source frequency is 100.66 Hz, does the circuit reach electrical resonance?"
CHLT024,CHLT,ac_resonance,Yes,-,non_numeric_or_unitless,,"An RLC series circuit has R = 50 Ω, L = 0.4 H, and C = 10 μF. If the AC source frequency is 79.58 Hz, does the circuit reach electrical resonance?"
CHLT025,CHLT,ac_resonance,Yes,-,non_numeric_or_unitless,,"An RLC series circuit has R = 60 Ω, L = 0.3 H, and C = 30 μF. If the AC source frequency is 53.05 Hz, does the circuit reach electrical resonance?"
CHLT026,CHLT,ac_resonance,Yes,-,non_numeric_or_unitless,,"An RLC series circuit has R = 20 Ω, L = 0.08 H, and C = 80 μF. If the AC source frequency is 62.91 Hz, does the circuit reach electrical resonance?"
CHLT027,CHLT,ac_resonance,Yes,-,non_numeric_or_unitless,,"An RLC series circuit has R = 30 Ω, L = 0.5 H, and C = 20 μF. If the AC source frequency is 50.33 Hz, does the circuit reach electrical resonance?"
CHLT028,CHLT,ac_resonance,Yes,-,non_numeric_or_unitless,,"An RLC series circuit has R = 40 Ω, L = 0.2 H, and C = 50 μF. If the AC source frequency is 50.33 Hz, does the circuit reach electrical resonance?"
CHLT029,CHLT,ac_resonance,Yes,-,non_numeric_or_unitless,,"An RLC series circuit has R = 50 Ω, L = 0.1 H, and C = 25 μF. If the AC source frequency is 100.66 Hz, does the circuit reach electrical resonance?"
CHLT030,CHLT,ac_resonance,Yes,-,non_numeric_or_unitless,,"An RLC series circuit has R = 60 Ω, L = 0.4 H, and C = 10 μF. If the AC source frequency is 79.58 Hz, does the circuit reach electrical resonance?"
CHLT031,CHLT,ac_resonance,Yes,-,non_numeric_or_unitless,,"An RLC series circuit has R = 20 Ω, L = 0.3 H, and C = 30 μF. If the AC source frequency is 53.05 Hz, does the circuit reach electrical resonance?"
CHLT032,CHLT,ac_resonance,Yes,-,non_numeric_or_unitless,,"An RLC series circuit has R = 30 Ω, L = 0.08 H, and C = 80 μF. If the AC source frequency is 62.91 Hz, does the circuit reach electrical resonance?"
CHLT033,CHLT,ac_resonance,Yes,-,non_numeric_or_unitless,,"An RLC series circuit has R = 40 Ω, L = 0.5 H, and C = 20 μF. If the AC source frequency is 50.33 Hz, does the circuit reach electrical resonance?"
CHLT034,CHLT,ac_resonance,Yes,-,non_numeric_or_unitless,,"An RLC series circuit has R = 50 Ω, L = 0.2 H, and C = 50 μF. If the AC source frequency is 50.33 Hz, does the circuit reach electrical resonance?"
CHLT035,CHLT,ac_resonance,Yes,-,non_numeric_or_unitless,,"An RLC series circuit has R = 60 Ω, L = 0.1 H, and C = 25 μF. If the AC source frequency is 100.66 Hz, does the circuit reach electrical resonance?"
CHLT036,CHLT,ac_resonance,Yes,-,non_numeric_or_unitless,,"An RLC series circuit has R = 20 Ω, L = 0.4 H, and C = 10 μF. If the AC source frequency is 79.58 Hz, does the circuit reach electrical resonance?"
CHLT037,CHLT,ac_resonance,Yes,-,non_numeric_or_unitless,,"An RLC series circuit has R = 30 Ω, L = 0.3 H, and C = 30 μF. If the AC source frequency is 53.05 Hz, does the circuit reach electrical resonance?"
CHLT038,CHLT,ac_resonance,Yes,-,non_numeric_or_unitless,,"An RLC series circuit has R = 40 Ω, L = 0.08 H, and C = 80 μF. If the AC source frequency is 62.91 Hz, does the circuit reach electrical resonance?"
CHLT039,CHLT,ac_resonance,Yes,-,non_numeric_or_unitless,,"An RLC series circuit has R = 50 Ω, L = 0.5 H, and C = 20 μF. If the AC source frequency is 50.33 Hz, does the circuit reach electrical resonance?"
CHLT040,CHLT,ac_resonance,Yes,-,non_numeric_or_unitless,,"An RLC series circuit has R = 60 Ω, L = 0.2 H, and C = 50 μF. If the AC source frequency is 50.33 Hz, does the circuit reach electrical resonance?"
CHLT041,CHLT,ac_resonance,Yes,-,non_numeric_or_unitless,,"An RLC series circuit has R = 20 Ω, L = 0.1 H, and C = 25 μF. If the AC source frequency is 100.66 Hz, does the circuit reach electrical resonance?"
CHLT042,CHLT,ac_resonance,Yes,-,non_numeric_or_unitless,,"An RLC series circuit has R = 30 Ω, L = 0.4 H, and C = 10 μF. If the AC source frequency is 79.58 Hz, does the circuit reach electrical resonance?"
CHLT043,CHLT,ac_resonance,Yes,-,non_numeric_or_unitless,,"An RLC series circuit has R = 40 Ω, L = 0.3 H, and C = 30 μF. If the AC source frequency is 53.05 Hz, does the circuit reach electrical resonance?"
CHLT044,CHLT,ac_resonance,Yes,-,non_numeric_or_unitless,,"An RLC series circuit has R = 50 Ω, L = 0.08 H, and C = 80 μF. If the AC source frequency is 62.91 Hz, does the circuit reach electrical resonance?"
CHLT045,CHLT,ac_resonance,Yes,-,non_numeric_or_unitless,,"An RLC series circuit has R = 60 Ω, L = 0.5 H, and C = 20 μF. If the AC source frequency is 50.33 Hz, does the circuit reach electrical resonance?"
CHLT046,CHLT,ac_resonance,Yes,-,non_numeric_or_unitless,,"An RLC series circuit has R = 20 Ω, L = 0.2 H, and C = 50 μF. If the AC source frequency is 50.33 Hz, does the circuit reach electrical resonance?"
CHLT047,CHLT,ac_resonance,Yes,-,non_numeric_or_unitless,,"An RLC series circuit has R = 30 Ω, L = 0.1 H, and C = 25 μF. If the AC source frequency is 100.66 Hz, does the circuit reach electrical resonance?"
CHLT048,CHLT,ac_resonance,Yes,-,non_numeric_or_unitless,,"An RLC series circuit has R = 40 Ω, L = 0.4 H, and C = 10 μF. If the AC source frequency is 79.58 Hz, does the circuit reach electrical resonance?"
CHLT049,CHLT,ac_resonance,Yes,-,non_numeric_or_unitless,,"An RLC series circuit has R = 50 Ω, L = 0.3 H, and C = 30 μF. If the AC source frequency is 53.05 Hz, does the circuit reach electrical resonance?"
CHLT050,CHLT,ac_resonance,Yes,-,non_numeric_or_unitless,,"An RLC series circuit has R = 60 Ω, L = 0.08 H, and C = 80 μF. If the AC source frequency is 62.91 Hz, does the circuit reach electrical resonance?"
CHLT051,CHLT,ac_resonance,No,-,non_numeric_or_unitless,,"An RLC series circuit has R = 20 Ω, L = 0.5 H, and C = 20 μF. If the AC source frequency is 59.39 Hz, does the circuit reach electrical resonance?"
CHLT052,CHLT,ac_resonance,No,-,non_numeric_or_unitless,,"An RLC series circuit has R = 30 Ω, L = 0.2 H, and C = 50 μF. If the AC source frequency is 59.39 Hz, does the circuit reach electrical resonance?"
CHLT053,CHLT,ac_resonance,No,-,non_numeric_or_unitless,,"An RLC series circuit has R = 40 Ω, L = 0.1 H, and C = 25 μF. If the AC source frequency is 118.78 Hz, does the circuit reach electrical resonance?"
CHLT054,CHLT,ac_resonance,No,-,non_numeric_or_unitless,,"An RLC series circuit has R = 50 Ω, L = 0.4 H, and C = 10 μF. If the AC source frequency is 93.9 Hz, does the circuit reach electrical resonance?"
CHLT055,CHLT,ac_resonance,No,-,non_numeric_or_unitless,,"An RLC series circuit has R = 60 Ω, L = 0.3 H, and C = 30 μF. If the AC source frequency is 62.6 Hz, does the circuit reach electrical resonance?"
CHLT056,CHLT,ac_resonance,No,-,non_numeric_or_unitless,,"An RLC series circuit has R = 20 Ω, L = 0.08 H, and C = 80 μF. If the AC source frequency is 74.24 Hz, does the circuit reach electrical resonance?"
CHLT057,CHLT,ac_resonance,No,-,non_numeric_or_unitless,,"An RLC series circuit has R = 30 Ω, L = 0.5 H, and C = 20 μF. If the AC source frequency is 59.39 Hz, does the circuit reach electrical resonance?"
CHLT058,CHLT,ac_resonance,No,-,non_numeric_or_unitless,,"An RLC series circuit has R = 40 Ω, L = 0.2 H, and C = 50 μF. If the AC source frequency is 59.39 Hz, does the circuit reach electrical resonance?"
CHLT059,CHLT,ac_resonance,No,-,non_numeric_or_unitless,,"An RLC series circuit has R = 50 Ω, L = 0.1 H, and C = 25 μF. If the AC source frequency is 118.78 Hz, does the circuit reach electrical resonance?"
CHLT060,CHLT,ac_resonance,No,-,non_numeric_or_unitless,,"An RLC series circuit has R = 60 Ω, L = 0.4 H, and C = 10 μF. If the AC source frequency is 93.9 Hz, does the circuit reach electrical resonance?"
CHLT061,CHLT,ac_resonance,No,-,non_numeric_or_unitless,,"An RLC series circuit has R = 20 Ω, L = 0.3 H, and C = 30 μF. If the AC source frequency is 62.6 Hz, does the circuit reach electrical resonance?"
CHLT062,CHLT,ac_resonance,No,-,non_numeric_or_unitless,,"An RLC series circuit has R = 30 Ω, L = 0.08 H, and C = 80 μF. If the AC source frequency is 74.24 Hz, does the circuit reach electrical resonance?"
CHLT063,CHLT,ac_resonance,No,-,non_numeric_or_unitless,,"An RLC series circuit has R = 40 Ω, L = 0.5 H, and C = 20 μF. If the AC source frequency is 59.39 Hz, does the circuit reach electrical resonance?"
CHLT064,CHLT,ac_resonance,No,-,non_numeric_or_unitless,,"An RLC series circuit has R = 50 Ω, L = 0.2 H, and C = 50 μF. If the AC source frequency is 59.39 Hz, does the circuit reach electrical resonance?"
CHLT065,CHLT,ac_resonance,No,-,non_numeric_or_unitless,,"An RLC series circuit has R = 60 Ω, L = 0.1 H, and C = 25 μF. If the AC source frequency is 118.78 Hz, does the circuit reach electrical resonance?"
CHLT066,CHLT,ac_resonance,No,-,non_numeric_or_unitless,,"An RLC series circuit has R = 20 Ω, L = 0.4 H, and C = 10 μF. If the AC source frequency is 93.9 Hz, does the circuit reach electrical resonance?"
CHLT067,CHLT,ac_resonance,No,-,non_numeric_or_unitless,,"An RLC series circuit has R = 30 Ω, L = 0.3 H, and C = 30 μF. If the AC source frequency is 62.6 Hz, does the circuit reach electrical resonance?"
CHLT068,CHLT,ac_resonance,No,-,non_numeric_or_unitless,,"An RLC series circuit has R = 40 Ω, L = 0.08 H, and C = 80 μF. If the AC source frequency is 74.24 Hz, does the circuit reach electrical resonance?"
CHLT069,CHLT,ac_resonance,No,-,non_numeric_or_unitless,,"An RLC series circuit has R = 50 Ω, L = 0.5 H, and C = 20 μF. If the AC source frequency is 59.39 Hz, does the circuit reach electrical resonance?"
CHLT070,CHLT,ac_resonance,No,-,non_numeric_or_unitless,,"An RLC series circuit has R = 60 Ω, L = 0.2 H, and C = 50 μF. If the AC source frequency is 59.39 Hz, does the circuit reach electrical resonance?"
CHLT071,CHLT,ac_resonance,No,-,non_numeric_or_unitless,,"An RLC series circuit has R = 20 Ω, L = 0.1 H, and C = 25 μF. If the AC source frequency is 118.78 Hz, does the circuit reach electrical resonance?"
CHLT072,CHLT,ac_resonance,No,-,non_numeric_or_unitless,,"An RLC series circuit has R = 30 Ω, L = 0.4 H, and C = 10 μF. If the AC source frequency is 93.9 Hz, does the circuit reach electrical resonance?"
CHLT073,CHLT,ac_resonance,No,-,non_numeric_or_unitless,,"An RLC series circuit has R = 40 Ω, L = 0.3 H, and C = 30 μF. If the AC source frequency is 62.6 Hz, does the circuit reach electrical resonance?"
CHLT074,CHLT,ac_resonance,No,-,non_numeric_or_unitless,,"An RLC series circuit has R = 50 Ω, L = 0.08 H, and C = 80 μF. If the AC source frequency is 74.24 Hz, does the circuit reach electrical resonance?"
CHLT075,CHLT,ac_resonance,No,-,non_numeric_or_unitless,,"An RLC series circuit has R = 60 Ω, L = 0.5 H, and C = 20 μF. If the AC source frequency is 59.39 Hz, does the circuit reach electrical resonance?"
CHLT076,CHLT,ac_resonance,No,-,non_numeric_or_unitless,,"An RLC series circuit has R = 20 Ω, L = 0.2 H, and C = 50 μF. If the AC source frequency is 59.39 Hz, does the circuit reach electrical resonance?"
CHLT077,CHLT,ac_resonance,No,-,non_numeric_or_unitless,,"An RLC series circuit has R = 30 Ω, L = 0.1 H, and C = 25 μF. If the AC source frequency is 118.78 Hz, does the circuit reach electrical resonance?"
CHLT078,CHLT,ac_resonance,No,-,non_numeric_or_unitless,,"An RLC series circuit has R = 40 Ω, L = 0.4 H, and C = 10 μF. If the AC source frequency is 93.9 Hz, does the circuit reach electrical resonance?"
CHLT079,CHLT,ac_resonance,No,-,non_numeric_or_unitless,,"An RLC series circuit has R = 50 Ω, L = 0.3 H, and C = 30 μF. If the AC source frequency is 62.6 Hz, does the circuit reach electrical resonance?"
CHLT080,CHLT,ac_resonance,No,-,non_numeric_or_unitless,,"An RLC series circuit has R = 60 Ω, L = 0.08 H, and C = 80 μF. If the AC source frequency is 74.24 Hz, does the circuit reach electrical resonance?"
DDT140,DDT,induction,Approximately zero,-,non_numeric_or_unitless,,"In an ideal solenoid, what are the characteristics of the external magnetic field?"
DDT143,DDT,induction,An induced electromotive force (EMF) in the opposite direction appears,-,non_numeric_or_unitless,,What happens in an ideal solenoid when the current is suddenly disconnected?
DDT145,DDT,induction,Current intensity,-,non_numeric_or_unitless,,The self-inductance of a solenoid does not depend on which of the following quantities?
DDT146,DDT,induction,"electromagnet, and relay",-,non_numeric_or_unitless,,Which of the following applications is directly related to a solenoid?
DDT149,DDT,induction,Increase and the opposite current direction cause it,-,non_numeric_or_unitless,,"When the current through the solenoid increases rapidly, what happens to the induced electromotive force?"
DDT152,DDT,induction,Current through the solenoid,-,non_numeric_or_unitless,,What quantity does the magnetic field inside a solenoid depend linearly on?
DDT153,DDT,induction,Induced electromotive force (EMF),-,non_numeric_or_unitless,,"When the magnetic flux through a solenoid changes uniformly with time, what appears in the closed circuit?"
DDT156,DDT,induction,Henry (H),-,non_numeric_or_unitless,,What is the unit of inductance?
DDT206,DDT,induction,Volt (V),-,non_numeric_or_unitless,,What is the unit of induced electromotive force?
DDT207,DDT,induction,increases in direct proportion,-,non_numeric_or_unitless,,"If a solenoid's cross-sectional area is increased, how does the its self-inductance change?"
DDT210,DDT,induction,inside the solenoid,-,non_numeric_or_unitless,,"In an idead solenoid, where is the magnetic field concentrated?"
DDT217,DDT,induction,cross-sectional area (S),-,non_numeric_or_unitless,,"In a solenoid, what factor does the magnetic field not depend on?"
DDT219,DDT,induction,the magnetic field energy increases proportionally to B²,-,non_numeric_or_unitless,,"If the magnetic field in a solenoid increases, how does the magnetic field energy increase?"
DDT220,DDT,induction,the current changes with time,-,non_numeric_or_unitless,,When does an induced electromotive force appear in a solenoid?
DDT327,DDT,ac_resonance,0.60,-,non_numeric_or_unitless,,"For an RLC circuit with R = 12 Ω and Z = 20 Ω, calculate the power factor (cosφ)."
DDT330,DDT,LC_oscillation,the circuit exhibits an inductive characteristic,-,non_numeric_or_unitless,,"In an RLC circuit, Z_L = 70 Ω and Z_C = 50 Ω. What is the circuit's characteristic?"
DDT337,DDT,ac_resonance,0.60,-,non_numeric_or_unitless,,"An RLC series circuit has R = 18 Ω and Z = 30 Ω. Calculate the power factor, cosφ."
DDT340,DDT,general_physics,38.16 Ω and 0.30,-,non_numeric_or_unitless,,"Given a series circuit with R = 12 Ω, C = 80 μF, and a frequency of 60 Hz, determine the capacitive reactance and the power factor if the impedance Z = 40 Ω."
DDT343,DDT,ac_resonance,0.40,-,non_numeric_or_unitless,,"Given a series RLC circuit has R = 16 Ω, Z = 40 Ω, calculate the power factor cosφ."
DDT350,DDT,LC_oscillation,The circuit exhibits an inductive characteristic.,-,non_numeric_or_unitless,,"Given a series RLC circuit with Z_L = 100 Ω and Z_C = 80 Ω, what characteristic does the circuit exhibit?"
DDT352,DDT,LC_oscillation,the charge Q reaches its maximum value,-,non_numeric_or_unitless,,When does the electric field energy stored in an LC circuit reach its maximum?
DDT354,DDT,induction,No,-,non_numeric_or_unitless,,"In an ideal LC circuit, is the total electromagnetic energy lost?"
DDT359,DDT,induction,Henry,H,non_numeric_or_unitless,,What is the unit of inductance L?
DDT360,DDT,induction,Sinusoidal waves with a phase shift of π/2,-,non_numeric_or_unitless,,What is the shape of the graph representing the electric field energy and magnetic field energy in an LC circuit?
DT047,DT,electrostatics_field,1/2 . (1/ \sqrt{E_A} + 1/ \sqrt{E_B}),-,non_numeric_or_unitless,,"A charge q is placed at point O in the air. Ox is an electric field line. Take two points A and B on Ox. Let M be the midpoint of AB. E_A is the electric field strength at A, and E_B is the electric field strength at B. Determine 1/sqrt(E_M) in terms of E_A and E_B."
LD047,LD,electrostatics_force,Hướng về phía q₂,-,non_numeric_or_unitless,,"A test charge is placed at a point whose distances to the two charges q1 = +2 μC and q2 = -3 μC are 3 cm and 4 cm, respectively. The two charges are fixed and separated by 7 cm. What is the direction of the net electric force acting on the test charge?"
LD077,LD,electrostatics_field,E1 = (3/4)E2,-,non_numeric_or_unitless,,"Two test charges q1 and q2 (q1 = 4q2) are placed at points A and B respectively in an electric field. The force acting on q1 is F1, and the force acting on q2 is F2 (with F1 = 3F2). Let E1 and E2 be the electric field strengths at A and B respectively. What is the relationship between E1 and E2?"
LD085,LD,electrostatics_field,2 × sqrt(2) × k × q / a^2,-,non_numeric_or_unitless,,"At the three vertices of a right isosceles triangle ABC, with AB = AC = a, three positive charges qA = qB = q and qC = 2q are placed in a vacuum. What is the expression for the electric field intensity at H, which is the foot of the altitude dropped from the right-angle vertex A to the hypotenuse BC?"
LD087,LD,electrostatics_field,-2\sqrt{2} x q,-,non_numeric_or_unitless,,Given a square ABCD with side length 'a'. Charges q1 = q3 = q are placed at A and C. What charge must be placed at B so that the electric field at D is zero?
NL025,NL,LC_oscillation,all energy is entirely stored in the magnetic field of the inductor,-,non_numeric_or_unitless,,"In a harmonically oscillating LC circuit, when the current is maximum, where is the energy stored?"
NL026,NL,LC_oscillation,all energy is entirely stored in the electric field of the capacitor,-,non_numeric_or_unitless,,"In an ideal LC circuit, when the current is zero, where is the energy entirely stored?"
NL100,NL,LC_oscillation,maximum (WC = ½LI₀²),-,non_numeric_or_unitless,,"An ideal LC circuit oscillates with constant total energy. At t = T/4, WL = 0. Calculate WC."
NL119,NL,LC_oscillation,all the energy is stored in the electric field of the capacitor,-,non_numeric_or_unitless,,"An LC circuit is oscillating, and the current is zero. What form of energy is present at this moment?"
NL120,NL,LC_oscillation,maximum,-,non_numeric_or_unitless,,"An LC circuit is oscillating, and the electric field energy is zero. Calculate the instantaneous current."
NL303,NL,induction,W = 1/2 · L · I²,-,non_numeric_or_unitless,,What is the formula for the magnetic field energy in a pure inductor?
NL305,NL,capacitor,upward parabola,-,non_numeric_or_unitless,,What is the shape of the graph representing the energy stored in a capacitor as a function of the voltage U?
NL306,NL,induction,upward parabola,-,non_numeric_or_unitless,,What is the shape of the graph of magnetic field energy versus current I?
NL307,NL,capacitor,less than,-,non_numeric_or_unitless,,"When two identical capacitors are connected in series to a voltage source, how does the total stored energy compare to when they are connected in parallel?"
NL308,NL,induction,When the current is zero,-,non_numeric_or_unitless,,When will the magnetic field energy in a coil be zero?
NL309,NL,capacitor,Increase by 4 times,-,non_numeric_or_unitless,,"When the voltage across the capacitor doubles, how will the electric field energy change?"
NL315,NL,capacitor,Upward straight line,-,non_numeric_or_unitless,,What is the shape of the graph representing the electrostatic energy as a function of capacitance C (keeping voltage U constant)?
NL316,NL,induction,Upward straight line,-,non_numeric_or_unitless,,What is the shape of the graph representing magnetic field energy as a function of inductance L (keeping I constant)?
NL317,NL,induction,Reduced to 1/4,-,non_numeric_or_unitless,,"If the current through a coil is halved, how will the magnetic field energy change?"
NL318,NL,LC_oscillation,Half of the total energy,J,non_numeric_or_unitless,,"In an ideal LC circuit, when the magnetic energy is half of the total energy, what is the electric energy?"
NL320,NL,capacitor,Joule,J,non_numeric_or_unitless,,What is the SI unit of electric field energy?
NL323,NL,capacitor,Doubled,-,non_numeric_or_unitless,,"In a parallel-plate capacitor, if the distance between the two plates is doubled and the electric charge remains constant, how will the electric field energy change?"
NL324,NL,capacitor,Linear function increases,-,non_numeric_or_unitless,,"What is the shape of the graph of the electric field energy in a capacitor as a function of the distance 'd' between its plates, given that its capacitance changes due to the plates being stretched apart, while the electric charge on the capacitor is kept constant?"
NL325,NL,induction,1/4,-,non_numeric_or_unitless,,"At time t, the electric field energy is 3/4 of the total energy in an ideal LC circuit. What fraction is the magnetic field energy?"
NL327,NL,LC_oscillation,Conservation of energy,-,non_numeric_or_unitless,,"The electric field energy in the capacitor gradually increases from zero to its maximum, while simultaneously the magnetic field energy decreases from its maximum to zero. What does this indicate about the oscillation process?"
NL335,NL,capacitor,4,-,non_numeric_or_unitless,,"A capacitor with a capacitance of 2 µF is charged and then disconnected from the source. If the distance between the plates is quadrupled, how many times the initial energy is the new electric field energy?"
NL350,NL,capacitor,increase 3 times,-,non_numeric_or_unitless,,"A parallel-plate capacitor has a constant charge. When the distance between the two plates increases from 2 mm to 6 mm, how does the electric field energy change?"
TD093,TD,capacitor,5.73,-,non_numeric_or_unitless,,"A parallel-plate capacitor has a capacitance of 5.2 nF, the area of each plate is 12.3 cm², and the distance between the plates is 1.2×10⁻⁵ m. Calculate the dielectric constant of the dielectric material inside the capacitor."
TD094,TD,capacitor,11.04,-,non_numeric_or_unitless,,"A capacitor has a capacitance of 8.8 nF. Its square plates have an area of 9 cm², and the distance between the plates is 1.0×10⁻⁵ m. What is the dielectric constant of the material inside the capacitor?"
TD098,TD,capacitor,4.57,-,non_numeric_or_unitless,,"A capacitor has a capacitance of 6.3 nF, a plate area of 14 cm², and a plate separation of 9.0×10⁻⁶ m. Calculate the dielectric constant of the dielectric material in the capacitor."
TD100,TD,capacitor,10.89,-,non_numeric_or_unitless,,"A capacitor has a capacitance of 9.2 nF, its plates are square with an area of 10.5 cm², and the distance between the two plates is 1.1×10⁻⁵ m. Calculate the dielectric constant."
TD377,TD,capacitor,the voltage is halfed,-,non_numeric_or_unitless,,"A capacitor has a charge Q = 50 μC and a capacitance C = 5 μF. If it's replaced with another capacitor having a capacitance of 10 μF, but the charge Q is kept constant, how does the voltage change?"
TD380,TD,capacitor,decreases by 4 times,-,non_numeric_or_unitless,,"A capacitor has a charge of 90 μC and a voltage of 30 V. If the charge decreases to 45 μC, how many times does the energy change?"
TD386,TD,capacitor,decreases by half,-,non_numeric_or_unitless,,"A parallel-plate capacitor is placed in a dielectric (ε = 4), with plate area S = 300 cm² and separation d = 1 mm. If the dielectric is replaced with one where ε = 2, how does the capacitance change?"
THCB071,THCB,circuit_resistance,Resistance decreases → current increases.,-,non_numeric_or_unitless,,"In an electrical circuit, if the resistance of branch D₂ decreases, how will the current through D₂ change?"
THCB073,THCB,circuit_resistance,The lamp shines brighter because the current through it increases.,-,non_numeric_or_unitless,,"If the total current increases when the resistance of the variable resistor is decreased, what happens to the light bulbs?"
THCB081,THCB,circuit_resistance,Total current increases.,-,non_numeric_or_unitless,,"If the current through one lamp in a parallel circuit increases, how will the total current change?"
THCB083,THCB,circuit_resistance,Brighter because the current is higher.,-,non_numeric_or_unitless,,"If two bulbs are connected in parallel, both at the same voltage, how bright will the bulb with lower resistance be?"
THCB247,THCB,measurement_error,0.2,-,non_numeric_or_unitless,,"The measured value is 9.8, while the accepted value is 10.0. Calculate the absolute error."
THCB248,THCB,measurement_error,0.3,-,non_numeric_or_unitless,,"The measured value is 15.3, while the accepted value is 15.0. Calculate the absolute error."
THCB249,THCB,measurement_error,0.02,-,non_numeric_or_unitless,,"The measured value is 0.98, while the accepted value is 1.0. Calculate the absolute error."
THCB250,THCB,measurement_error,0.2,-,non_numeric_or_unitless,,"The measured value is 4.7, while the accepted value is 4.5. Calculate the absolute error."
THCB251,THCB,measurement_error,1.2,-,non_numeric_or_unitless,,"The measured value is 101.2, while the accepted value is 100.0. Calculate the absolute error."
THCB252,THCB,measurement_error,3.25,-,non_numeric_or_unitless,,A measurement is reported as x = 3.2 ± 0.05. What is the maximum possible value?
THCB253,THCB,measurement_error,12.8,-,non_numeric_or_unitless,,A measurement is reported as x = 12.6 ± 0.2. What is the maximum possible value?
THCB254,THCB,measurement_error,0.49,-,non_numeric_or_unitless,,A measurement is reported as x = 0.48 ± 0.01. What is the maximum possible value?
THCB255,THCB,measurement_error,25.5,-,non_numeric_or_unitless,,A measurement is reported as x = 25.0 ± 0.5. What is the maximum possible value?
THCB256,THCB,measurement_error,7.88,-,non_numeric_or_unitless,,A measurement is reported as x = 7.85 ± 0.03. What is the maximum possible value?
THCB257,THCB,measurement_error,3.15,-,non_numeric_or_unitless,,A measurement is reported as x = 3.2 ± 0.05. What is the minimum possible value?
THCB258,THCB,measurement_error,12.4,-,non_numeric_or_unitless,,A measurement is reported as x = 12.6 ± 0.2. What is the minimum possible value?
THCB259,THCB,measurement_error,0.47,-,non_numeric_or_unitless,,A measurement is reported as x = 0.48 ± 0.01. What is the minimum possible value?
THCB260,THCB,measurement_error,24.5,-,non_numeric_or_unitless,,A measurement is reported as x = 25.0 ± 0.5. What is the minimum possible value?
THCB261,THCB,measurement_error,7.82,-,non_numeric_or_unitless,,A measurement is reported as x = 7.85 ± 0.03. What is the minimum possible value?
THCB272,THCB,measurement_error,0.3,-,non_numeric_or_unitless,,A quantity y = a + b is computed from a = 3.2 ± 0.1 and b = 4.6 ± 0.2. Calculate the absolute error of y.
THCB273,THCB,measurement_error,0.5,-,non_numeric_or_unitless,,A quantity y = a + b is computed from a = 12.5 ± 0.3 and b = 8.0 ± 0.2. Calculate the absolute error of y.
THCB274,THCB,measurement_error,0.05,-,non_numeric_or_unitless,,A quantity y = a + b is computed from a = 0.75 ± 0.02 and b = 1.25 ± 0.03. Calculate the absolute error of y.
THCB275,THCB,measurement_error,0.9,-,non_numeric_or_unitless,,A quantity y = a + b is computed from a = 25.0 ± 0.5 and b = 15.0 ± 0.4. Calculate the absolute error of y.
THCB276,THCB,measurement_error,0.15,-,non_numeric_or_unitless,,A quantity y = a + b is computed from a = 6.8 ± 0.1 and b = 2.4 ± 0.05. Calculate the absolute error of y.
THCB277,THCB,measurement_error,0.4,-,non_numeric_or_unitless,,A quantity y = ab is computed from a = 4.0 ± 0.1 and b = 2.0 ± 0.05. Calculate the absolute error of y.
THCB278,THCB,measurement_error,1.2,-,non_numeric_or_unitless,,A quantity y = ab is computed from a = 6.0 ± 0.2 and b = 3.0 ± 0.1. Calculate the absolute error of y.
THCB279,THCB,measurement_error,0.9,-,non_numeric_or_unitless,,A quantity y = ab is computed from a = 2.5 ± 0.05 and b = 8.0 ± 0.2. Calculate the absolute error of y.
THCB280,THCB,measurement_error,0.75,-,non_numeric_or_unitless,,A quantity y = ab is computed from a = 10.0 ± 0.3 and b = 1.5 ± 0.03. Calculate the absolute error of y.
THCB281,THCB,measurement_error,1.6,-,non_numeric_or_unitless,,A quantity y = ab is computed from a = 12.0 ± 0.4 and b = 2.5 ± 0.05. Calculate the absolute error of y.
THCB282,THCB,measurement_error,10,-,non_numeric_or_unitless,,"Three repeated measurements give 9.8, 10.0, and 10.2. Calculate the average measured value."
THCB283,THCB,measurement_error,5,-,non_numeric_or_unitless,,"Three repeated measurements give 4.9, 5.1, and 5.0. Calculate the average measured value."
THCB284,THCB,measurement_error,0.497,-,non_numeric_or_unitless,,"Three repeated measurements give 0.48, 0.51, and 0.5. Calculate the average measured value."
THCB285,THCB,measurement_error,19.967,-,non_numeric_or_unitless,,"Three repeated measurements give 19.8, 20.1, and 20.0. Calculate the average measured value."
THCB286,THCB,measurement_error,3,-,non_numeric_or_unitless,,"Three repeated measurements give 2.95, 3.05, and 3.0. Calculate the average measured value."
