idx,id,ok,json_ok,schema_ok,forbidden_ok,raw_span_ok,formula_ok,topic_hint,topic,target,formula_id,question,raw
1,NAT_OHM_001,True,True,True,True,True,True,circuit_resistance,circuit_resistance,"{""symbol"": ""R"", ""role"": ""resistance"", ""unit"": ""ohm"", ""raw_span"": ""A workshop device draws 0.9 ampere from an 18 volt supply. What resistance should be assigned to the device?""}",resistance_from_current_voltage,A workshop device draws 0.9 ampere from an 18 volt supply. What resistance should be assigned to the device?,"{""question_kind"":""calculation"",""topic"":""circuit_resistance"",""target"":{""symbol"":""R"",""role"":""resistance"",""unit"":""ohm"",""raw_span"":""A workshop device draws 0.9 ampere from an 18 volt supply. What resistance should be assigned to the device?""},""givens"":[{""name"":""I"",""role"":""current"",""raw_span"":""0.9 ampere"",""value_text"":""0.9"",""unit_text"":""ampere"",""sign"":""unknown"",""qualifiers"":[]},{""name"":""U2"",""role"":""voltage"",""raw_span"":""18 volt"",""value_text"":""18"",""unit_text"":""volt"",""sign"":""unknown"",""qualifiers"":[]}],""constraints"":[""A workshop device draws 0.9 ampere from an 18 volt supply. What resistance should be assigned to the device?""],""formula_candidates"":[{""formula_id"":""resistance_from_current_voltage"",""variable_map"":{},""reason"":""Converted from verified parser/planner data and selected for deterministic calculator support.""}],""confidence"":0.95}"
2,NAT_POWER_001,True,True,True,True,True,True,circuit_power,circuit_power,"{""symbol"": ""P"", ""role"": ""power"", ""unit"": ""W"", ""raw_span"": ""power""}",power_from_voltage_resistance,A heating resistor has resistance 40 ohm and is connected across 120 V. Find the power converted to heat.,"{""question_kind"":""calculation"",""topic"":""circuit_power"",""target"":{""symbol"":""P"",""role"":""power"",""unit"":""W"",""raw_span"":""power""},""givens"":[{""name"":""R"",""role"":""resistance"",""raw_span"":""40 ohm"",""value_text"":""40.0"",""unit_text"":""ohm"",""sign"":""unknown"",""qualifiers"":[]},{""name"":""U2"",""role"":""voltage"",""raw_span"":""120 V"",""value_text"":""120.0"",""unit_text"":""V"",""sign"":""unknown"",""qualifiers"":[]}],""constraints"":[""A heating resistor has resistance 40 ohm and is connected across 120 V. Find the power converted to heat.""],""formula_candidates"":[{""formula_id"":""power_from_voltage_resistance"",""variable_map"":{},""reason"":""Converted from verified parser/planner data and selected for deterministic calculator support.""}],""confidence"":0.95}"
3,NAT_PARALLEL_I_001,True,True,True,True,True,True,circuit_resistance,circuit_resistance,"{""symbol"": ""I"", ""role"": ""current"", ""unit"": ""A"", ""raw_span"": ""current""}",total_current_parallel_resistors_from_voltage,Two branches of 30 ohm and 60 ohm are connected in parallel to a 24 V source. How much current does the source supply?,"{""question_kind"":""calculation"",""topic"":""circuit_resistance"",""target"":{""symbol"":""I"",""role"":""current"",""unit"":""A"",""raw_span"":""current""},""givens"":[{""name"":""R"",""role"":""resistance"",""raw_span"":""30 ohm"",""value_text"":""30"",""unit_text"":""ohm"",""sign"":""unknown"",""qualifiers"":[]},{""name"":""R2"",""role"":""resistance"",""raw_span"":""60 ohm"",""value_text"":""60"",""unit_text"":""ohm"",""sign"":""unknown"",""qualifiers"":[]},{""name"":""U3"",""role"":""voltage"",""raw_span"":""24 V"",""value_text"":""24"",""unit_text"":""V"",""sign"":""unknown"",""qualifiers"":[]}],""constraints"":[""parallel connection"",""Two branches of 30 ohm and 60 ohm are connected in parallel to a 24 V source. How much current does the source supply?""],""formula_candidates"":[{""formula_id"":""total_current_parallel_resistors_from_voltage"",""variable_map"":{},""reason"":""Converted from verified parser/planner data and selected for deterministic calculator support.""},{""formula_id"":""current_from_voltage_resistance"",""variable_map"":{},""reason"":""Converted from verified parser/planner data and selected for deterministic calculator support.""}],""confidence"":0.95}"
4,NAT_CAP_ENERGY_001,True,True,True,True,True,True,capacitor,capacitor,"{""symbol"": ""W"", ""role"": ""energy"", ""unit"": ""J"", ""raw_span"": ""energy""}",capacitor_energy_from_C_U,A 25 uF capacitor is charged until the potential difference is 120 V. How much electric energy is stored?,"{""question_kind"":""calculation"",""topic"":""capacitor"",""target"":{""symbol"":""W"",""role"":""energy"",""unit"":""J"",""raw_span"":""energy""},""givens"":[{""name"":""C"",""role"":""capacitance"",""raw_span"":""25 uF"",""value_text"":""25.0"",""unit_text"":""uF"",""sign"":""unknown"",""qualifiers"":[]},{""name"":""U2"",""role"":""voltage"",""raw_span"":""120 V"",""value_text"":""120.0"",""unit_text"":""V"",""sign"":""unknown"",""qualifiers"":[]}],""constraints"":[""A 25 uF capacitor is charged until the potential difference is 120 V. How much electric energy is stored?""],""formula_candidates"":[{""formula_id"":""capacitor_energy_from_C_U"",""variable_map"":{},""reason"":""Converted from verified parser/planner data and selected for deterministic calculator support.""}],""confidence"":0.95}"
5,NAT_CAP_C_001,True,True,True,True,True,True,capacitor,capacitor,"{""symbol"": ""C"", ""role"": ""capacitance"", ""unit"": ""uF"", ""raw_span"": ""capacitance""}",capacitor_capacitance_from_energy_voltage,The stored energy in a capacitor is 3.6 mJ when the voltage is 120 V. Determine the capacitance in uF.,"{""question_kind"":""calculation"",""topic"":""capacitor"",""target"":{""symbol"":""C"",""role"":""capacitance"",""unit"":""uF"",""raw_span"":""capacitance""},""givens"":[{""name"":""W"",""role"":""energy"",""raw_span"":""3.6 mJ"",""value_text"":""3.6"",""unit_text"":""mJ"",""sign"":""unknown"",""qualifiers"":[]},{""name"":""U2"",""role"":""voltage"",""raw_span"":""120 V"",""value_text"":""120.0"",""unit_text"":""V"",""sign"":""unknown"",""qualifiers"":[]}],""constraints"":[""The stored energy in a capacitor is 3.6 mJ when the voltage is 120 V. Determine the capacitance in uF.""],""formula_candidates"":[{""formula_id"":""capacitor_capacitance_from_energy_voltage"",""variable_map"":{},""reason"":""Converted from verified parser/planner data and selected for deterministic calculator support.""}],""confidence"":0.95}"
6,NAT_LC_FREQ_001,True,True,True,True,True,True,LC_oscillation,LC_oscillation,"{""symbol"": ""f"", ""role"": ""frequency"", ""unit"": ""Hz"", ""raw_span"": ""frequency""}",lc_frequency_from_L_C,An ideal LC tank uses a 0.3 H coil and a 30 uF capacitor. What is the oscillation frequency?,"{""question_kind"":""calculation"",""topic"":""LC_oscillation"",""target"":{""symbol"":""f"",""role"":""frequency"",""unit"":""Hz"",""raw_span"":""frequency""},""givens"":[{""name"":""L"",""role"":""inductance"",""raw_span"":""0.3 H"",""value_text"":""0.3"",""unit_text"":""H"",""sign"":""unknown"",""qualifiers"":[]},{""name"":""C2"",""role"":""capacitance"",""raw_span"":""30 uF"",""value_text"":""30"",""unit_text"":""uF"",""sign"":""unknown"",""qualifiers"":[]}],""constraints"":[""An ideal LC tank uses a 0.3 H coil and a 30 uF capacitor. What is the oscillation frequency?""],""formula_candidates"":[{""formula_id"":""lc_frequency_from_L_C"",""variable_map"":{},""reason"":""Augmented from verified dataset row; the calculator re-verified this formula and all numeric values.""}],""confidence"":0.9}"
7,NAT_LC_IMAX_001,True,True,True,True,True,True,LC_oscillation,LC_oscillation,"{""symbol"": ""I0"", ""role"": ""current"", ""unit"": ""A"", ""raw_span"": ""current""}",lc_current_from_voltage_capacitance_inductance,"In an LC circuit, L is 50 mH, C is 20 uF, and the largest capacitor voltage is 12 V. Find the peak current.","{""question_kind"":""calculation"",""topic"":""LC_oscillation"",""target"":{""symbol"":""I0"",""role"":""current"",""unit"":""A"",""raw_span"":""current""},""givens"":[{""name"":""L"",""role"":""inductance"",""raw_span"":""50 mH"",""value_text"":""50.0"",""unit_text"":""mH"",""sign"":""unknown"",""qualifiers"":[]},{""name"":""C2"",""role"":""capacitance"",""raw_span"":""20 uF"",""value_text"":""20.0"",""unit_text"":""uF"",""sign"":""unknown"",""qualifiers"":[]},{""name"":""U3"",""role"":""voltage"",""raw_span"":""12 V"",""value_text"":""12.0"",""unit_text"":""V"",""sign"":""unknown"",""qualifiers"":[]}],""constraints"":[""In an LC circuit, L is 50 mH, C is 20 uF, and the largest capacitor voltage is 12 V. Find the peak current.""],""formula_candidates"":[{""formula_id"":""lc_current_from_voltage_capacitance_inductance"",""variable_map"":{},""reason"":""Converted from verified parser/planner data and selected for deterministic calculator support.""}],""confidence"":0.95}"
8,NAT_RESONANCE_C_001,True,True,True,True,True,True,ac_resonance,ac_resonance,"{""symbol"": ""C"", ""role"": ""capacitance"", ""unit"": ""uF"", ""raw_span"": ""capacitance""}",rlc_resonance_capacitance_from_L_f,A resonant RLC circuit has inductance 0.5 H and resonance frequency 71 Hz. What capacitance is required?,"{""question_kind"":""calculation"",""topic"":""ac_resonance"",""target"":{""symbol"":""C"",""role"":""capacitance"",""unit"":""uF"",""raw_span"":""capacitance""},""givens"":[{""name"":""L"",""role"":""inductance"",""raw_span"":""0.5 H"",""value_text"":""0.5"",""unit_text"":""H"",""sign"":""unknown"",""qualifiers"":[]},{""name"":""f2"",""role"":""frequency"",""raw_span"":""71 Hz"",""value_text"":""71.0"",""unit_text"":""Hz"",""sign"":""unknown"",""qualifiers"":[]}],""constraints"":[""A resonant RLC circuit has inductance 0.5 H and resonance frequency 71 Hz. What capacitance is required?""],""formula_candidates"":[{""formula_id"":""rlc_resonance_capacitance_from_L_f"",""variable_map"":{},""reason"":""Augmented from verified dataset row; the calculator re-verified this formula and all numeric values.""}],""confidence"":0.9}"
9,NAT_INDUCTOR_E_001,True,True,True,True,True,True,induction,induction,"{""symbol"": ""W"", ""role"": ""energy"", ""unit"": ""mJ"", ""raw_span"": ""energy""}",inductor_energy_from_L_I,A coil of inductance 0.4 H carries a maximum current of 3 A. Calculate the magnetic energy stored in the coil.,"{""question_kind"":""calculation"",""topic"":""induction"",""target"":{""symbol"":""W"",""role"":""energy"",""unit"":""mJ"",""raw_span"":""energy""},""givens"":[{""name"":""L"",""role"":""inductance"",""raw_span"":""0.4 H"",""value_text"":""0.4"",""unit_text"":""H"",""sign"":""unknown"",""qualifiers"":[]},{""name"":""I2"",""role"":""current"",""raw_span"":""3 A"",""value_text"":""3.0"",""unit_text"":""A"",""sign"":""unknown"",""qualifiers"":[]}],""constraints"":[""A coil of inductance 0.4 H carries a maximum current of 3 A. Calculate the magnetic energy stored in the coil.""],""formula_candidates"":[{""formula_id"":""inductor_energy_from_L_I"",""variable_map"":{},""reason"":""Converted from verified parser/planner data and selected for deterministic calculator support.""}],""confidence"":0.95}"
10,NAT_SOLENOID_B_001,True,True,True,True,True,True,induction,induction,"{""symbol"": ""B"", ""role"": ""magnetic_field"", ""unit"": ""T"", ""raw_span"": ""magnetic field""}",solenoid_field_from_turn_density_current,A long solenoid has 1400 turns per meter and carries 2 A. Find the magnetic field inside it.,"{""question_kind"":""calculation"",""topic"":""induction"",""target"":{""symbol"":""B"",""role"":""magnetic_field"",""unit"":""T"",""raw_span"":""magnetic field""},""givens"":[{""name"":""given_1"",""role"":""turn_density"",""raw_span"":""1400 turns/m"",""value_text"":""1400"",""unit_text"":""turns/m"",""sign"":""unknown"",""qualifiers"":[]},{""name"":""I2"",""role"":""current"",""raw_span"":""2 A"",""value_text"":""2"",""unit_text"":""A"",""sign"":""unknown"",""qualifiers"":[]}],""constraints"":[""A long solenoid has 1400 turns per meter and carries 2 A. Find the magnetic field inside it.""],""formula_candidates"":[{""formula_id"":""solenoid_field_from_turn_density_current"",""variable_map"":{},""reason"":""Augmented from verified dataset row; the calculator re-verified this formula and all numeric values.""}],""confidence"":0.9}"
11,NAT_FLUX_001,True,True,True,True,True,True,induction,induction,"{""symbol"": ""Phi"", ""role"": ""magnetic_flux"", ""unit"": ""Wb"", ""raw_span"": ""magnetic flux""}",magnetic_flux_from_B_area_angle,A flat surface of area 12 cm^2 is perpendicular to a uniform magnetic field of 0.35 mT. Calculate the magnetic flux.,"{""question_kind"":""calculation"",""topic"":""induction"",""target"":{""symbol"":""Phi"",""role"":""magnetic_flux"",""unit"":""Wb"",""raw_span"":""magnetic flux""},""givens"":[{""name"":""B"",""role"":""magnetic_field"",""raw_span"":""0.35 mT"",""value_text"":""0.35"",""unit_text"":""mT"",""sign"":""unknown"",""qualifiers"":[]},{""name"":""S"",""role"":""area"",""raw_span"":""12 cm^2"",""value_text"":""12"",""unit_text"":""cm^2"",""sign"":""unknown"",""qualifiers"":[]}],""constraints"":[""perpendicular""],""formula_candidates"":[{""formula_id"":""magnetic_flux_from_B_area_angle"",""variable_map"":{},""reason"":""Final rebuild coverage row; calculator reverified the extracted quantities and formula.""}],""confidence"":0.95}"
12,NAT_FIELD_001,True,True,True,True,True,True,electrostatics_field,electrostatics_field,"{""symbol"": ""E"", ""role"": ""electric_field"", ""unit"": ""V/m"", ""raw_span"": ""electric field strength""}",electric_field_point_charge_or_superposition,What is the electric field strength 9 cm away from a point charge of 3 nC?,"{""question_kind"":""calculation"",""topic"":""electrostatics_field"",""target"":{""symbol"":""E"",""role"":""electric_field"",""unit"":""V/m"",""raw_span"":""electric field strength""},""givens"":[{""name"":""q"",""role"":""charge"",""raw_span"":""3 nC"",""value_text"":""3"",""unit_text"":""nC"",""sign"":""unknown"",""qualifiers"":[]},{""name"":""x2"",""role"":""distance"",""raw_span"":""9 cm"",""value_text"":""9"",""unit_text"":""cm"",""sign"":""unknown"",""qualifiers"":[]}],""constraints"":[""What is the electric field strength 9 cm away from a point charge of 3 nC?""],""formula_candidates"":[{""formula_id"":""electric_field_point_charge_or_superposition"",""variable_map"":{},""reason"":""Augmented from verified dataset row; the calculator re-verified this formula and all numeric values.""}],""confidence"":0.9}"
13,NAT_FORCE_001,False,False,False,False,False,False,electrostatics_force,,,,"Two point charges, 2 uC and 3 uC, are separated by 6 cm. Find the magnitude of the electric force between them.","{""question_kind"":""calculation"",""topic"":""electrostatics_force"",""target"":{""symbol"":""F"",""role"":""force"",""unit"":""N"",""raw_span"":""force""},""givens"":[{""name"":""q1"",""role"":""charge"",""raw_span"":""2 uC"",""value_text"":""2"",""unit_text"":""uC"",""sign"":""positive"",""qualifiers"":[""equal in sign""],""given_type"":""point_charge"",""cot"":""charge"",""golden_code"":""charge_from_string""},{""name"":""q2"",""role"":""charge"",""raw_span"":""3 uC"",""value_text"":""3"",""unit_text"":""uC"",""sign"":""positive"",""qualifiers"":[""equal in sign""],""given_type"":""point_charge"",""cot"":""charge"",""golden_code"":""charge_from_string""},{""name"":""x3"",""role"":""distance"",""raw_span"":""6 cm"",""value_text"":""6"",""unit_text"":""cm"",""sign"":""unknown"",""qualifiers"":[""separation""],""given_type"":""point separation"",""cot"":""length"",""golden_code"":""distance_from_string""}},""constraints"":[""Two point charges, 2 uC and 3 uC, are separated by 6 cm. Find the magnitude of the electric force between them.""],""formula_candidates"":[{""formula_id"":""coulomb_force_two_charges"",""variable_map"":{},""reason"":""Augmented from verified dataset row; the calculator re-verified this formula and all numeric values.""}],""confidence"":0.9}"
14,NAT_QE_FORCE_001,True,True,True,True,True,True,electrostatics_force,electrostatics_force,"{""symbol"": ""F"", ""role"": ""force"", ""unit"": ""N"", ""raw_span"": ""force""}",force_from_charge_field,A charge of 5 uC is placed in a uniform electric field of 2000 V/m. What electric force acts on it?,"{""question_kind"":""calculation"",""topic"":""electrostatics_force"",""target"":{""symbol"":""F"",""role"":""force"",""unit"":""N"",""raw_span"":""force""},""givens"":[{""name"":""q"",""role"":""charge"",""raw_span"":""5 uC"",""value_text"":""5.0"",""unit_text"":""uC"",""sign"":""unknown"",""qualifiers"":[]},{""name"":""E2"",""role"":""electric_field"",""raw_span"":""2000 V/m"",""value_text"":""2000.0"",""unit_text"":""V/m"",""sign"":""unknown"",""qualifiers"":[]}],""constraints"":[""A charge of 5 uC is placed in a uniform electric field of 2000 V/m. What electric force acts on it?""],""formula_candidates"":[{""formula_id"":""force_from_charge_field"",""variable_map"":{},""reason"":""Converted from verified parser/planner data and selected for deterministic calculator support.""}],""confidence"":0.95}"
15,NAT_RELERR_001,True,True,True,True,True,True,measurement_error,measurement_error,"{""symbol"": ""relative_error"", ""role"": ""relative_error"", ""unit"": ""%"", ""raw_span"": ""relative error""}",relative_error_from_absolute,A ruler reading is 60.0 cm with an absolute uncertainty of 0.3 cm. Calculate the relative error in percent.,"{""question_kind"":""calculation"",""topic"":""measurement_error"",""target"":{""symbol"":""relative_error"",""role"":""relative_error"",""unit"":""%"",""raw_span"":""relative error""},""givens"":[{""name"":""given_1"",""role"":""given_1"",""raw_span"":""60.0 cm"",""value_text"":""60.0"",""unit_text"":""cm"",""sign"":""unknown"",""qualifiers"":[""uncertainty:0.3 cm""]}],""constraints"":[""A ruler reading is 60.0 cm with an absolute uncertainty of 0.3 cm. Calculate the relative error in percent.""],""formula_candidates"":[{""formula_id"":""relative_error_from_absolute"",""variable_map"":{},""reason"":""Augmented from verified dataset row; the calculator re-verified this formula and all numeric values.""}],""confidence"":0.9}"
16,NAT_R_UNCERT_001,True,True,True,True,True,True,measurement_error,circuit_resistance,"{""symbol"": ""Delta_R"", ""role"": ""resistance_uncertainty"", ""unit"": ""ohm"", ""raw_span"": ""absolute uncertainty""}",resistance_uncertainty_from_voltage_current,"Voltage is measured as 6.0 V with uncertainty 0.1 V, and current is 0.30 A with uncertainty 0.01 A. Find the absolute uncertainty of R = U/I.","{""question_kind"":""calculation"",""topic"":""circuit_resistance"",""target"":{""symbol"":""Delta_R"",""role"":""resistance_uncertainty"",""unit"":""ohm"",""raw_span"":""absolute uncertainty""},""givens"":[{""name"":""U"",""role"":""voltage"",""raw_span"":""6.0 V"",""value_text"":""6.0"",""unit_text"":""V"",""sign"":""unknown"",""qualifiers"":[""uncertainty 0.1 V""]},{""name"":""I"",""role"":""current"",""raw_span"":""0.30 A"",""value_text"":""0.3"",""unit_text"":""A"",""sign"":""unknown"",""qualifiers"":[""uncertainty 0.01 A""]}],""constraints"":[""maximum relative uncertainty adds arbitrarily""],""formula_candidates"":[{""formula_id"":""resistance_uncertainty_from_voltage_current"",""variable_map"":{},""reason"":""Final rebuild coverage row; calculator reverified the extracted quantities and formula.""}],""confidence"":0.95}"
